local_path,original_url,source_page,original_filename,media_type,dimensions,file_size,notes
assets/fonts/latin-da4b756b.woff2,https://file.squarespace-cdn.com/content/v2/namespaces/fonts/libraries/sqsp/assets/769a71b2-2c35-4095-81a3-a3e9de0f1b89/latin.woff2,https://www.drtuff.com/contact-me | https://www.drtuff.com/home | https://www.drtuff.com/my-cv | https://www.drtuff.com/my-science | https://www.drtuff.com/my-skills | https://www.drtuff.com/news,latin.woff2,font/woff2,,28804,
assets/fonts/latin-9c06a632.woff2,https://file.squarespace-cdn.com/content/v2/namespaces/fonts/libraries/sqsp/assets/99b79446-7211-48d1-8ce8-8cf709a1ab25/latin.woff2,https://www.drtuff.com/contact-me | https://www.drtuff.com/home | https://www.drtuff.com/my-cv | https://www.drtuff.com/my-science | https://www.drtuff.com/my-skills | https://www.drtuff.com/news,latin.woff2,font/woff2,,51128,
assets/images/IMG_5693-Edit-5cc95a7e.jpg,https://images.squarespace-cdn.com/content/v1/58b47c8b59cc68eea9efaf22/1488400883996-STZX90PM44DUM8A52FVO/IMG_5693-Edit.jpg,https://www.drtuff.com/news | sitemap.xml,IMG_5693-Edit.jpg,image/jpeg,2500x1667,3083985,declared: 2500x1667
assets/images/Phd-Exit-talk-FINAL-DRAFT-19-February-2016.016-7ca4752a.png,https://images.squarespace-cdn.com/content/v1/5b893719c258b4ea14935cd9/1535722594533-5DX1N1IHCVQQSBFY8YAQ/Phd+Exit+talk+FINAL+DRAFT+19+February+2016.016.png,https://www.drtuff.com/home,Phd+Exit+talk+FINAL+DRAFT+19+February+2016.016.png,image/png,1024x768,1015023,declared: 1024x768
assets/images/Phd-Exit-talk-FINAL-DRAFT-19-February-2016.012-a1315ea5.png,https://images.squarespace-cdn.com/content/v1/5b893719c258b4ea14935cd9/1535722627712-1DZ1PQ60WVEMN1311RM4/Phd+Exit+talk+FINAL+DRAFT+19+February+2016.012.png,https://www.drtuff.com/home,Phd+Exit+talk+FINAL+DRAFT+19+February+2016.012.png,image/png,1024x768,421496,declared: 1024x768
assets/images/Phd-Exit-talk-FINAL-DRAFT-19-February-2016.058-35edf899.png,https://images.squarespace-cdn.com/content/v1/5b893719c258b4ea14935cd9/1535722717185-I4W4CLEHIE3V1JI1NDPW/Phd+Exit+talk+FINAL+DRAFT+19+February+2016.058.png,https://www.drtuff.com/home,Phd+Exit+talk+FINAL+DRAFT+19+February+2016.058.png,image/png,1024x768,1296679,declared: 1024x768
assets/images/133858_10150163475154937_6095482_o-7a894404.jpg,https://images.squarespace-cdn.com/content/v1/5b893719c258b4ea14935cd9/1535722894771-BDD3FPTYSDA8DV5IRQ4H/133858_10150163475154937_6095482_o.jpg,https://www.drtuff.com/home | sitemap.xml,133858_10150163475154937_6095482_o.jpg,image/jpeg,2048x1365,209369,declared: 2048x1365
assets/images/aerial-view-ocean-waves-crashing-footage-087976305_prevstill-1db32973.jpeg,https://images.squarespace-cdn.com/content/v1/5b893719c258b4ea14935cd9/1535729341176-L8OTF17DQMTYZ8KPF23T/aerial-view-ocean-waves-crashing-footage-087976305_prevstill.jpeg,sitemap.xml,aerial-view-ocean-waves-crashing-footage-087976305_prevstill.jpeg,image/jpeg,2500x1406,695621,
assets/images/GIF-of-3-geese-in-flight-16dad37c.gif,https://images.squarespace-cdn.com/content/v1/5b893719c258b4ea14935cd9/1535739913381-IGV8OAZW30PCAQMH1IMQ/GIF+of+3+geese+in+flight,https://www.drtuff.com/home | sitemap.xml,GIF+of+3+geese+in+flight,image/gif,498x441,63430,declared: 498x441
assets/images/Gif-of-a-colorful-planet-Earth-in-rotation-30f7b376.gif,https://images.squarespace-cdn.com/content/v1/5b893719c258b4ea14935cd9/1535745894831-09DYHQITH6S20D7IST2B/Gif+of+a+colorful+planet+Earth+in+rotation,https://www.drtuff.com/home | sitemap.xml,Gif+of+a+colorful+planet+Earth+in+rotation,image/gif,545x545,8089500,declared: 545x545
assets/images/Screen-Shot-2018-09-04-at-11.19.58-PM-5bae8024.png,https://images.squarespace-cdn.com/content/v1/5b893719c258b4ea14935cd9/1536117928108-9KBNBLU6UAQ5VEI2KF5R/Screen+Shot+2018-09-04+at+11.19.58+PM.png,https://www.drtuff.com/my-science,Screen+Shot+2018-09-04+at+11.19.58+PM.png,image/png,2326x1563,2386068,alt: Screen Shot 2018-09-04 at 11.19.58 PM.png; declared: 2326x1563
assets/images/1-jcFtz7d_BdKSJ8Wfg39Ddw-9851a4e7.jpg,https://images.squarespace-cdn.com/content/v1/5b893719c258b4ea14935cd9/1536195784772-AAYESTSJ51WT1OVX1RK2/1*jcFtz7d_BdKSJ8Wfg39Ddw.jpg,https://www.drtuff.com/home | sitemap.xml,1*jcFtz7d_BdKSJ8Wfg39Ddw.jpg,image/jpeg,1835x1087,730992,declared: 1835x1087
assets/images/Photo-of-the-white-Pfeilstorch-stork-with-an-African-arrow-piercing-through-its-neck-c5ffd2d4.jpg,https://images.squarespace-cdn.com/content/v1/5b893719c258b4ea14935cd9/1536893768265-AZJXGP9MGAHDHK4OTSGR/Photo+of+the+white+Pfeilstorch+stork+with+an+African+arrow+piercing+through+its+neck,https://www.drtuff.com/my-science | sitemap.xml,Photo+of+the+white+Pfeilstorch+stork+with+an+African+arrow+piercing+through+its+neck,image/jpeg,800x1200,320600,declared: 800x1200
assets/images/chalkboard_texture_long-25878f43.jpg,https://images.squarespace-cdn.com/content/v1/5b893719c258b4ea14935cd9/1538247835079-RJN5N0TWPESK9M2MTB93/chalkboard_texture_long.jpg,https://www.drtuff.com/my-science | sitemap.xml,chalkboard_texture_long.jpg,image/jpeg,1191x2070,953713,declared: 1191x2070
assets/images/chalkboard_texture_long-8d09f850.png,https://images.squarespace-cdn.com/content/v1/5b893719c258b4ea14935cd9/1538250083576-LCSO6LVURSD31XOFC3UA/chalkboard_texture_long.png,https://www.drtuff.com/my-science | sitemap.xml,chalkboard_texture_long.png,image/png,2298x2070,2483214,declared: 2298x2070
assets/images/chalkboard_texture_long-e2cfec65.png,https://images.squarespace-cdn.com/content/v1/5b893719c258b4ea14935cd9/1538253180655-2JHHE78K0BVTL0MYX6PF/chalkboard_texture_long.png,https://www.drtuff.com/my-skills | sitemap.xml,chalkboard_texture_long.png,image/png,2298x2070,2483214,declared: 2298x2070
assets/images/GS_logo-01-d709fc22.png,https://images.squarespace-cdn.com/content/v1/5b893719c258b4ea14935cd9/1538263067045-8IER649UFOIFHV1BI1C9/GS_logo-01.png,https://www.drtuff.com/contact-me | https://www.drtuff.com/home | https://www.drtuff.com/my-cv | https://www.drtuff.com/my-science | https://www.drtuff.com/my-skills | https://www.drtuff.com/news,GS_logo-01.png,image/png,2017x2017,36302,alt: Google scholar; declared: 2017x2017
assets/images/RG-logo-01-9d242ea8.png,https://images.squarespace-cdn.com/content/v1/5b893719c258b4ea14935cd9/1538263068185-ADGJBI2YQKXEX0IKMZPM/RG+logo-01.png,https://www.drtuff.com/contact-me | https://www.drtuff.com/home | https://www.drtuff.com/my-cv | https://www.drtuff.com/my-science | https://www.drtuff.com/my-skills | https://www.drtuff.com/news,RG+logo-01.png,image/png,2017x2017,34224,alt: Researchgate; declared: 2017x2017
assets/images/GH-logo-01-ecb9fd96.png,https://images.squarespace-cdn.com/content/v1/5b893719c258b4ea14935cd9/1538263191519-ZW7V0JKSY5NCE2YGEBF7/GH+logo-01.png,https://www.drtuff.com/home | sitemap.xml,GH+logo-01.png,image/png,2017x2017,29707,alt: Github; declared: 2017x2017
assets/images/GS_logo-01-53caa3b6.png,https://images.squarespace-cdn.com/content/v1/5b893719c258b4ea14935cd9/1538263191588-881EMU2KKU1RA2OKP53B/GS_logo-01.png,https://www.drtuff.com/home | sitemap.xml,GS_logo-01.png,image/png,2017x2017,36302,alt: Google Scholar; declared: 2017x2017
assets/images/RG-logo-01-843ac446.png,https://images.squarespace-cdn.com/content/v1/5b893719c258b4ea14935cd9/1538263192693-EY7FRCV8M1ZOAQYS09VQ/RG+logo-01.png,https://www.drtuff.com/home | sitemap.xml,RG+logo-01.png,image/png,2017x2017,34224,alt: Researchgate; declared: 2017x2017
assets/images/chalkboard_texture_mc2015_by_mattiamc-d8dbnac-081ef902.jpg,https://images.squarespace-cdn.com/content/v1/5b893719c258b4ea14935cd9/1538264266972-41HP8NZLZ50GLFLJFECA/chalkboard_texture_mc2015_by_mattiamc-d8dbnac.jpg,https://www.drtuff.com/my-science | sitemap.xml,chalkboard_texture_mc2015_by_mattiamc-d8dbnac.jpg,image/jpeg,1191x670,109430,declared: 1191x670
assets/images/Ty-Einstein-5386458b.jpg,https://images.squarespace-cdn.com/content/v1/5b893719c258b4ea14935cd9/1538284663929-QK1T4OVFU8QM6VIDYH9H/Ty+%26+Einstein.jpg,https://www.drtuff.com/my-cv | sitemap.xml,Ty+&+Einstein.jpg,image/jpeg,2400x1096,1107916,declared: 2400x1096
assets/images/Phd-Exit-talk-FINAL-DRAFT-19-February-2016.005-84b390f0.png,https://images.squarespace-cdn.com/content/v1/5b893719c258b4ea14935cd9/1538367828441-X0UXHU5PKCOSKT3HYRMT/Phd+Exit+talk+FINAL+DRAFT+19+February+2016.005.png,https://www.drtuff.com/my-skills | sitemap.xml,Phd+Exit+talk+FINAL+DRAFT+19+February+2016.005.png,image/png,1024x768,1325546,declared: 1024x768
assets/images/Phd-Exit-talk-FINAL-DRAFT-19-February-2016.016-0e71c406.png,https://images.squarespace-cdn.com/content/v1/5b893719c258b4ea14935cd9/1538367833179-2IZSGO5TCXGFGL6YW902/Phd+Exit+talk+FINAL+DRAFT+19+February+2016.016.png,https://www.drtuff.com/my-skills | sitemap.xml,Phd+Exit+talk+FINAL+DRAFT+19+February+2016.016.png,image/png,1024x768,1015023,declared: 1024x768
assets/images/Phd-Exit-talk-FINAL-DRAFT-19-February-2016.058-40bb6a84.png,https://images.squarespace-cdn.com/content/v1/5b893719c258b4ea14935cd9/1538367845650-VDWHVLQ0UF18G9NLB7BV/Phd+Exit+talk+FINAL+DRAFT+19+February+2016.058.png,https://www.drtuff.com/my-skills | sitemap.xml,Phd+Exit+talk+FINAL+DRAFT+19+February+2016.058.png,image/png,1024x768,1296679,declared: 1024x768
assets/images/Phd-Exit-talk-FINAL-DRAFT-19-February-2016.006-1717b3f0.png,https://images.squarespace-cdn.com/content/v1/5b893719c258b4ea14935cd9/1538367854059-GS38J45L14FR2LN2V308/Phd+Exit+talk+FINAL+DRAFT+19+February+2016.006.png,https://www.drtuff.com/my-skills | sitemap.xml,Phd+Exit+talk+FINAL+DRAFT+19+February+2016.006.png,image/png,1024x768,1122748,declared: 1024x768
assets/images/chalkboard_texture_long-bda91cb6.png,https://images.squarespace-cdn.com/content/v1/5b893719c258b4ea14935cd9/1538370637812-1INFKFZPQ78MJ84K2V4H/chalkboard_texture_long.png,https://www.drtuff.com/my-skills | sitemap.xml,chalkboard_texture_long.png,image/png,2298x2070,2483214,declared: 2298x2070
assets/images/chalkboard_texture_long-25f82fbc.png,https://images.squarespace-cdn.com/content/v1/5b893719c258b4ea14935cd9/1538370763002-EN2FLH3HO4WNVJ82DG3J/chalkboard_texture_long.png,https://www.drtuff.com/my-skills | sitemap.xml,chalkboard_texture_long.png,image/png,2298x2070,2483214,declared: 2298x2070
assets/images/Chalkboard-sketch-of-a-laptop-computer-d8b9dbf4.png,https://images.squarespace-cdn.com/content/v1/5b893719c258b4ea14935cd9/1538680740762-HWK6P9NG6K0VFTBINE23/Chalkboard+sketch+of+a+laptop+computer,https://www.drtuff.com/my-science | sitemap.xml,Chalkboard+sketch+of+a+laptop+computer,image/png,1169x1309,48141,declared: 1169x1309
assets/images/Chalkboard-sketch-of-a-rocket-ship-31be0a74.png,https://images.squarespace-cdn.com/content/v1/5b893719c258b4ea14935cd9/1538680907500-485IGMN0NVECG93CHVWB/Chalkboard+sketch+of+a+rocket+ship,https://www.drtuff.com/my-science | sitemap.xml,Chalkboard+sketch+of+a+rocket+ship,image/png,1173x1064,34561,declared: 1173x1064
assets/images/Chalkboard-sketch-of-a-globe-0de261b6.png,https://images.squarespace-cdn.com/content/v1/5b893719c258b4ea14935cd9/1538680953020-HE9S3QP8D5YCJBJOXHYB/Chalkboard+sketch+of+a+globe,https://www.drtuff.com/my-science | sitemap.xml,Chalkboard+sketch+of+a+globe,image/png,778x949,23264,declared: 778x949
assets/images/Chalkboard-sketch-of-a-calculator-2c1d660c.png,https://images.squarespace-cdn.com/content/v1/5b893719c258b4ea14935cd9/1538681572404-WRCVYXJ9E95T4BRVB1UZ/Chalkboard+sketch+of+a+calculator,https://www.drtuff.com/my-science | sitemap.xml,Chalkboard+sketch+of+a+calculator,image/png,919x1118,30422,declared: 919x1118
assets/images/Chalkboard-sketch-of-a-butterfly-5ed16796.png,https://images.squarespace-cdn.com/content/v1/5b893719c258b4ea14935cd9/1538681632885-K8I9BRDERQYD91SOF0DV/Chalkboard+sketch+of+a+butterfly,https://www.drtuff.com/my-science | sitemap.xml,Chalkboard+sketch+of+a+butterfly,image/png,552x581,10919,declared: 552x581
assets/images/Chalkboard-sketch-of-a-lightbulb-b349767f.png,https://images.squarespace-cdn.com/content/v1/5b893719c258b4ea14935cd9/1538681708727-F0WOFR3XASMD85SHCETT/Chalkboard+sketch+of+a+lightbulb,https://www.drtuff.com/my-science | sitemap.xml,Chalkboard+sketch+of+a+lightbulb,image/png,533x654,12348,declared: 533x654
assets/images/Chalkboard-sketch-of-a-leaf-d94d546d.png,https://images.squarespace-cdn.com/content/v1/5b893719c258b4ea14935cd9/1538681797468-FBLL1H93ZLZINRJ44GMG/Chalkboard+sketch+of+a+leaf,https://www.drtuff.com/my-science | sitemap.xml,Chalkboard+sketch+of+a+leaf,image/png,496x572,8317,declared: 496x572
assets/images/Asset-10-d122ada4.png,https://images.squarespace-cdn.com/content/v1/5b893719c258b4ea14935cd9/1538682382612-XVD5CWYSVR9B2F8GZUYY/Asset+10.png,https://www.drtuff.com/my-skills | sitemap.xml,Asset+10.png,image/png,627x785,15598,declared: 627x785
assets/images/Madens-arrival-in-CO-50962d72.jpg,https://images.squarespace-cdn.com/content/v1/5b893719c258b4ea14935cd9/1538682676828-LSKA0VCOANSG1IJ1B1PC/Madens+arrival+in+CO.jpg,https://www.drtuff.com/my-skills | sitemap.xml,Madens+arrival+in+CO.jpg,image/jpeg,2048x1536,690422,alt: Madens arrival in CO.jpg; alt: Slide 2; declared: 2048x1536
assets/images/169215_365562946843604_48899407_o-06b53855.jpg,https://images.squarespace-cdn.com/content/v1/5b893719c258b4ea14935cd9/1538682694341-483Y2L5ZD2W1ZWHTEM0Q/169215_365562946843604_48899407_o.jpg,https://www.drtuff.com/my-skills | sitemap.xml,169215_365562946843604_48899407_o.jpg,image/jpeg,2048x1536,335851,alt: 169215_365562946843604_48899407_o.jpg; alt: Slide 1; declared: 2048x1536
assets/images/Phd-Exit-talk-FINAL-DRAFT-19-February-2016.040-a871677c.png,https://images.squarespace-cdn.com/content/v1/5b893719c258b4ea14935cd9/1538682733134-VDDB69YR68C2JAGP531L/Phd+Exit+talk+FINAL+DRAFT+19+February+2016.040.png,https://www.drtuff.com/my-skills | sitemap.xml,Phd+Exit+talk+FINAL+DRAFT+19+February+2016.040.png,image/png,1024x768,432842,alt: Phd Exit talk FINAL DRAFT 19 February 2016.040.png; alt: Slide 3; declared: 1024x768
assets/images/Phd-Exit-talk-FINAL-DRAFT-19-February-2016.043-8255e678.png,https://images.squarespace-cdn.com/content/v1/5b893719c258b4ea14935cd9/1538682735197-5RHGO5ZGCVQD52QUEY6U/Phd+Exit+talk+FINAL+DRAFT+19+February+2016.043.png,https://www.drtuff.com/my-skills | sitemap.xml,Phd+Exit+talk+FINAL+DRAFT+19+February+2016.043.png,image/png,1024x768,564528,alt: Phd Exit talk FINAL DRAFT 19 February 2016.043.png; alt: Slide 4; declared: 1024x768
assets/images/Phd-Exit-talk-FINAL-DRAFT-19-February-2016.038-4ecc0ee7.png,https://images.squarespace-cdn.com/content/v1/5b893719c258b4ea14935cd9/1538682881605-TRQZ7FJ6TZEB51JT8F01/Phd+Exit+talk+FINAL+DRAFT+19+February+2016.038.png,https://www.drtuff.com/my-skills | sitemap.xml,Phd+Exit+talk+FINAL+DRAFT+19+February+2016.038.png,image/png,1024x768,99261,alt: Phd Exit talk FINAL DRAFT 19 February 2016.038.png; alt: Slide 5; declared: 1024x768
assets/images/Phd-Exit-talk-FINAL-DRAFT-19-February-2016.020-057edbe6.png,https://images.squarespace-cdn.com/content/v1/5b893719c258b4ea14935cd9/1538683115813-WLX1USAXCPAD5U0T1IYY/Phd+Exit+talk+FINAL+DRAFT+19+February+2016.020.png,https://www.drtuff.com/my-skills | sitemap.xml,Phd+Exit+talk+FINAL+DRAFT+19+February+2016.020.png,image/png,1024x768,127670,alt: Phd Exit talk FINAL DRAFT 19 February 2016.020.png; declared: 1024x768
assets/images/Phd-Exit-talk-FINAL-DRAFT-19-February-2016.029-a6280222.png,https://images.squarespace-cdn.com/content/v1/5b893719c258b4ea14935cd9/1538683116385-A4ZXPR5DU4VRAAR5C8MO/Phd+Exit+talk+FINAL+DRAFT+19+February+2016.029.png,https://www.drtuff.com/my-skills | sitemap.xml,Phd+Exit+talk+FINAL+DRAFT+19+February+2016.029.png,image/png,1024x768,62817,alt: Phd Exit talk FINAL DRAFT 19 February 2016.029.png; declared: 1024x768
assets/images/Phd-Exit-talk-FINAL-DRAFT-19-February-2016.047-91913671.png,https://images.squarespace-cdn.com/content/v1/5b893719c258b4ea14935cd9/1538683117640-Z6KD4XJ3GEBP99SIKX2U/Phd+Exit+talk+FINAL+DRAFT+19+February+2016.047.png,https://www.drtuff.com/my-skills | sitemap.xml,Phd+Exit+talk+FINAL+DRAFT+19+February+2016.047.png,image/png,1024x768,163032,alt: Phd Exit talk FINAL DRAFT 19 February 2016.047.png; declared: 1024x768
assets/images/Phd-Exit-talk-FINAL-DRAFT-19-February-2016.037-5ba2f455.png,https://images.squarespace-cdn.com/content/v1/5b893719c258b4ea14935cd9/1538683118220-BWQJXCI6H9YIS1DUSZFH/Phd+Exit+talk+FINAL+DRAFT+19+February+2016.037.png,https://www.drtuff.com/my-skills | sitemap.xml,Phd+Exit+talk+FINAL+DRAFT+19+February+2016.037.png,image/png,1024x768,434676,alt: Phd Exit talk FINAL DRAFT 19 February 2016.037.png; declared: 1024x768
assets/images/Phd-Exit-talk-FINAL-DRAFT-19-February-2016.061-69d56abc.png,https://images.squarespace-cdn.com/content/v1/5b893719c258b4ea14935cd9/1538683119890-JT0ZAXE7ARTQSXAA490I/Phd+Exit+talk+FINAL+DRAFT+19+February+2016.061.png,https://www.drtuff.com/my-skills | sitemap.xml,Phd+Exit+talk+FINAL+DRAFT+19+February+2016.061.png,image/png,1024x768,381725,alt: Phd Exit talk FINAL DRAFT 19 February 2016.061.png; declared: 1024x768
assets/images/Phd-Exit-talk-FINAL-DRAFT-19-February-2016.064-303a2b95.png,https://images.squarespace-cdn.com/content/v1/5b893719c258b4ea14935cd9/1538683123191-RFYZ1BYTWZT3D2O33HR7/Phd+Exit+talk+FINAL+DRAFT+19+February+2016.064.png,https://www.drtuff.com/my-skills | sitemap.xml,Phd+Exit+talk+FINAL+DRAFT+19+February+2016.064.png,image/png,1024x768,562345,alt: Phd Exit talk FINAL DRAFT 19 February 2016.064.png; declared: 1024x768
assets/images/Phd-Exit-talk-FINAL-DRAFT-19-February-2016.071-9f55388c.png,https://images.squarespace-cdn.com/content/v1/5b893719c258b4ea14935cd9/1538683123501-QB4Z6Z8ZF5CZQSFWK8QE/Phd+Exit+talk+FINAL+DRAFT+19+February+2016.071.png,https://www.drtuff.com/my-skills | sitemap.xml,Phd+Exit+talk+FINAL+DRAFT+19+February+2016.071.png,image/png,1024x768,690282,alt: Phd Exit talk FINAL DRAFT 19 February 2016.071.png; declared: 1024x768
assets/images/Phd-Exit-talk-FINAL-DRAFT-19-February-2016.077-1fb80ea5.png,https://images.squarespace-cdn.com/content/v1/5b893719c258b4ea14935cd9/1538683125733-G7ZLVI9YHO9325VJNHE0/Phd+Exit+talk+FINAL+DRAFT+19+February+2016.077.png,https://www.drtuff.com/my-skills | sitemap.xml,Phd+Exit+talk+FINAL+DRAFT+19+February+2016.077.png,image/png,1024x768,389063,alt: Phd Exit talk FINAL DRAFT 19 February 2016.077.png; declared: 1024x768
assets/images/Asset-7-711f36da.png,https://images.squarespace-cdn.com/content/v1/5b893719c258b4ea14935cd9/1538683447448-4HGL0TB7ZNESS8ZO1VXG/Asset+7.png,https://www.drtuff.com/my-skills | sitemap.xml,Asset+7.png,image/png,989x967,29061,declared: 989x967
assets/images/Asset-10-5e2b5000.png,https://images.squarespace-cdn.com/content/v1/5b893719c258b4ea14935cd9/1538683558319-Y6P521YF81BUPYW6D7LH/Asset+10.png,https://www.drtuff.com/my-skills | sitemap.xml,Asset+10.png,image/png,627x785,15598,declared: 627x785
assets/images/10353027_10153056621894937_558955528339896458_n-fd9f57fd.jpg,https://images.squarespace-cdn.com/content/v1/5b893719c258b4ea14935cd9/1538748114946-XXTSS4O8VIHFSDAONQEP/10353027_10153056621894937_558955528339896458_n.jpg,https://www.drtuff.com/contact-me | https://www.drtuff.com/home | https://www.drtuff.com/my-cv | https://www.drtuff.com/my-science | https://www.drtuff.com/my-skills | https://www.drtuff.com/news,10353027_10153056621894937_558955528339896458_n.jpg,image/jpeg,532x569,34728,
assets/icons/favicon-e92ccdd0.ico,https://images.squarespace-cdn.com/content/v1/5b893719c258b4ea14935cd9/1538755044203-TII9SOSY19ZCKLYPUVNR/favicon.ico,https://www.drtuff.com/contact-me | https://www.drtuff.com/home | https://www.drtuff.com/my-cv | https://www.drtuff.com/my-science | https://www.drtuff.com/my-skills | https://www.drtuff.com/news,favicon.ico,image/png,484x486,50877,
assets/images/10353027_10153056621894937_558955528339896458_n-22a88795.jpg,https://images.squarespace-cdn.com/content/v1/5b893719c258b4ea14935cd9/1538755411975-P249Q33AGX38WNZ4V152/10353027_10153056621894937_558955528339896458_n.jpg,sitemap.xml,10353027_10153056621894937_558955528339896458_n.jpg,image/jpeg,532x569,34728,
assets/images/Screen-Shot-2018-09-04-at-11.19.58-PM-3f87e3e9.png,https://images.squarespace-cdn.com/content/v1/5b893719c258b4ea14935cd9/1538755481308-S8AUWH4YCPPSXA5WVL8L/Screen+Shot+2018-09-04+at+11.19.58+PM.png,sitemap.xml,Screen+Shot+2018-09-04+at+11.19.58+PM.png,image/png,2500x1563,2388259,
assets/images/Ty_logo_WHITE-ea311454.png,https://images.squarespace-cdn.com/content/v1/5b893719c258b4ea14935cd9/1538759421467-QKY9SWES9YZ73VQC2BYI/Ty_logo_WHITE.png,https://www.drtuff.com/contact-me | https://www.drtuff.com/home | https://www.drtuff.com/my-cv | https://www.drtuff.com/my-science | https://www.drtuff.com/my-skills | https://www.drtuff.com/news,Ty_logo_WHITE.png,image/png,2500x718,358885,declared: 2500x718
assets/images/image-asset-fce39858.jpeg,https://images.squarespace-cdn.com/content/v1/5b893719c258b4ea14935cd9/1583161656949-OGPF1JOGXQ0009UK8U01/image-asset.jpeg,https://www.drtuff.com/my-science | sitemap.xml,image-asset.jpeg,image/jpeg,2197x1465,466667,declared: 2197x1465
assets/images/image-asset-6c67c1d0.jpeg,https://images.squarespace-cdn.com/content/v1/5b893719c258b4ea14935cd9/1583161676424-707OW6O6H5WJUJKQRMYV/image-asset.jpeg,https://www.drtuff.com/my-science | sitemap.xml,image-asset.jpeg,image/jpeg,2500x1669,576653,declared: 2500x1669
assets/images/image-asset-79a38d4d.jpeg,https://images.squarespace-cdn.com/content/v1/5b893719c258b4ea14935cd9/1583161717544-KJ6YAXIZWNIOM8I4NRO5/image-asset.jpeg,https://www.drtuff.com/my-science | sitemap.xml,image-asset.jpeg,image/jpeg,2500x1667,434425,declared: 2500x1667
assets/images/image-asset-bfbf920d.jpeg,https://images.squarespace-cdn.com/content/v1/5b893719c258b4ea14935cd9/1583164537491-BXSF8MXUEVEKZJHKOJS2/image-asset.jpeg,https://www.drtuff.com/my-science | sitemap.xml,image-asset.jpeg,image/jpeg,2500x1669,1441553,declared: 2500x1669
assets/images/image-asset-8a57dae7.jpeg,https://images.squarespace-cdn.com/content/v1/5b893719c258b4ea14935cd9/1583164648790-XFKSP030K0QO0AFZGXF2/image-asset.jpeg,https://www.drtuff.com/my-science | sitemap.xml,image-asset.jpeg,image/jpeg,2499x1666,1136892,declared: 2499x1666
assets/images/image-asset-940c5acc.jpeg,https://images.squarespace-cdn.com/content/v1/5b893719c258b4ea14935cd9/1583164709411-R9WVJ7TXISON3PTHKY35/image-asset.jpeg,https://www.drtuff.com/my-science | sitemap.xml,image-asset.jpeg,image/jpeg,2332x1555,571996,declared: 2332x1555
